Instance,Configuration,Cost,TimeMs,BestEval
A-n32-k5,baseline,828.7018647083812,626,276004
A-n32-k5,nn,816.4609002520601,607,156004
A-n32-k5,sa,981.2601095312788,3465,17380
A-n32-k5,lns,831.1704542230161,920,177892
A-n32-k5,nn_sa,910.0934074748882,2785,85924
A-n32-k5,nn_lns,797.4512901189912,683,10084
A-n32-k5,sa_lns,832.8181844162851,3109,12004
A-n32-k5,all,797.4512901189912,2714,30436
A-n33-k5,baseline,726.8470717224585,403,33316
A-n33-k5,nn,674.7164720296756,415,42532
A-n33-k5,sa,776.553817675636,2236,302500
A-n33-k5,lns,676.4400403606919,641,257572
A-n33-k5,nn_sa,683.9134323435884,2081,14500
A-n33-k5,nn_lns,676.4400403606919,670,42724
A-n33-k5,sa_lns,674.7164720296755,2691,105700
A-n33-k5,all,693.6305080366133,2769,235684
A-n33-k6,baseline,860.9649867585078,534,38692
A-n33-k6,nn,743.0040153132568,484,74596
A-n33-k6,sa,792.3620435092947,1931,70948
A-n33-k6,lns,759.546539714634,678,81892
A-n33-k6,nn_sa,743.0040153132568,1779,83812
A-n33-k6,nn_lns,742.6932623609396,676,278692
A-n33-k6,sa_lns,748.3875329315445,2022,34852
A-n33-k6,all,742.6932623609396,1862,81892
A-n34-k5,baseline,920.1122928460755,468,185188
A-n34-k5,nn,800.272311722737,373,10852
A-n34-k5,sa,824.3734170538761,2457,196900
A-n34-k5,lns,798.3285187681107,692,8356
A-n34-k5,nn_sa,810.2810948658063,2544,68452
A-n34-k5,nn_lns,787.430439254024,675,54820
A-n34-k5,sa_lns,790.3699247604744,2602,84196
A-n34-k5,all,797.8376822352502,2608,1444
A-n36-k5,baseline,869.2689150735513,394,313828
A-n36-k5,nn,856.4039092684861,495,219556
A-n36-k5,sa,875.3255751534757,2999,349732
A-n36-k5,lns,835.931885740676,690,312292
A-n36-k5,nn_sa,873.4559654666075,3194,345892
A-n36-k5,nn_lns,830.3583087308158,924,2020
A-n36-k5,sa_lns,898.379592296622,3894,35812
A-n36-k5,all,826.6291580641487,3543,7204
A-n37-k5,baseline,705.9952411088422,371,29092
A-n37-k5,nn,706.4398664303351,467,48292
A-n37-k5,sa,719.7889365282438,3929,181732
A-n37-k5,lns,711.5489964227846,728,330148
A-n37-k5,nn_sa,706.9487717316948,4848,14116
A-n37-k5,nn_lns,696.6588962743037,883,87652
A-n37-k5,sa_lns,709.7693484914355,4184,55396
A-n37-k5,all,706.4398664303351,4765,114340
A-n37-k6,baseline,1064.1574279533656,443,26788
A-n37-k6,nn,1058.1009764492858,427,37156
A-n37-k6,sa,995.7325843064382,2446,71716
A-n37-k6,lns,984.3578052001261,649,237604
A-n37-k6,nn_sa,1025.6611067938652,2075,156580
A-n37-k6,nn_lns,977.9784973995854,695,149284
A-n37-k6,sa_lns,1034.5069478264618,2432,64036
A-n37-k6,all,977.9784973995854,2520,55396
A-n38-k5,baseline,828.23949266331,449,320164
A-n38-k5,nn,851.4892571224257,476,6052
A-n38-k5,sa,842.3183645301787,3436,324004
A-n38-k5,lns,744.7666557455984,729,179236
A-n38-k5,nn_sa,873.5674663881387,3116,22756
A-n38-k5,nn_lns,762.0435149637461,598,265252
A-n38-k5,sa_lns,791.8066545001461,3369,84964
A-n38-k5,all,770.2437263938061,3263,293668
A-n39-k5,baseline,964.7987614070557,431,126820
A-n39-k5,nn,870.0412956618916,500,221284
A-n39-k5,sa,937.4551899275141,3566,340516
A-n39-k5,lns,853.7920234837436,718,37732
A-n39-k5,nn_sa,864.2999371073729,3588,240100
A-n39-k5,nn_lns,838.2475250085638,751,19684
A-n39-k5,sa_lns,926.3096137641124,3359,320932
A-n39-k5,all,847.9738429990587,3591,1828
A-n39-k6,baseline,929.2798778371408,413,203236
A-n39-k6,nn,902.2834660215842,425,129700
A-n39-k6,sa,948.4515239686775,3547,74596
A-n39-k6,lns,856.7327003804222,709,157156
A-n39-k6,nn_sa,888.8923826334385,2992,311524
A-n39-k6,nn_lns,854.2815226239891,708,2020
A-n39-k6,sa_lns,886.9108495689538,3367,4708
A-n39-k6,all,877.8377449032125,3178,317092
A-n44-k6,baseline,1091.043115672735,459,85156
A-n44-k6,nn,1022.228660376486,546,212260
A-n44-k6,sa,1081.6530196909387,3953,348964
A-n44-k6,lns,960.8738370455034,704,302692
A-n44-k6,nn_sa,1022.228660376486,4209,348580
A-n44-k6,nn_lns,1029.163847811672,732,5476
A-n44-k6,sa_lns,981.3837496791919,3537,118756
A-n44-k6,all,1029.163847811672,3444,2596
A-n45-k6,baseline,967.6121210563283,463,237604
A-n45-k6,nn,1052.4728859605384,490,178276
A-n45-k6,sa,1011.3290555704423,3107,339940
A-n45-k6,lns,1000.7700179823402,712,108388
A-n45-k6,nn_sa,1019.0172817030973,3270,88996
A-n45-k6,nn_lns,967.6121210563283,628,229924
A-n45-k6,sa_lns,999.5856887908981,3810,14308
A-n45-k6,all,986.5919082395314,3767,219172
A-n45-k7,baseline,1322.6532797737875,399,74404
A-n45-k7,nn,1160.5740461026212,421,59044
A-n45-k7,sa,1211.287986904093,2848,257956
A-n45-k7,lns,1214.347568957215,742,29476
A-n45-k7,nn_sa,1188.1328632813452,2507,33892
A-n45-k7,nn_lns,1164.8874988051841,695,4516
A-n45-k7,sa_lns,1254.936096694868,2877,190948
A-n45-k7,all,1154.590674052035,3628,162532
A-n46-k7,baseline,1007.5263131749497,551,76516
A-n46-k7,nn,1043.046823575741,519,61348
A-n46-k7,sa,944.5293545069426,3820,349156
A-n46-k7,lns,967.5401195723502,745,167716
A-n46-k7,nn_sa,1002.4165131068395,2673,71908
A-n46-k7,nn_lns,989.6072772688825,790,66724
A-n46-k7,sa_lns,1019.0980789895111,3699,196516
A-n46-k7,all,971.7526041783617,3404,14116
A-n48-k7,baseline,1160.577852554649,476,137764
A-n48-k7,nn,1107.3930799137413,463,243748
A-n48-k7,sa,1234.3664474172233,3701,211492
A-n48-k7,lns,1152.5548451955501,844,21028
A-n48-k7,nn_sa,1114.5839196291624,3905,286756
A-n48-k7,nn_lns,1120.6697115335996,902,123748
A-n48-k7,sa_lns,1136.6893113003337,3770,92068
A-n48-k7,all,1177.0640654869253,4085,39460
A-n53-k7,baseline,1316.833319966427,542,101476
A-n53-k7,nn,1165.3544990772111,529,35620
A-n53-k7,sa,1111.6660968068306,4744,341092
A-n53-k7,lns,1059.6697795489702,805,44260
A-n53-k7,nn_sa,1187.9601686508413,4574,347428
A-n53-k7,nn_lns,1074.964372510416,815,34468
A-n53-k7,sa_lns,1081.8715500211092,4857,273892
A-n53-k7,all,1042.904000119473,5350,326692
A-n54-k7,baseline,1331.7755252640827,560,217252
A-n54-k7,nn,1246.6682305689965,488,106852
A-n54-k7,sa,1344.5920421684514,5718,140068
A-n54-k7,lns,1290.3246256893908,876,275812
A-n54-k7,nn_sa,1230.8021756043236,4663,80740
A-n54-k7,nn_lns,1239.6188381055279,912,32548
A-n54-k7,sa_lns,1272.9841798405757,5385,54244
A-n54-k7,all,1254.840160892646,4903,2980
A-n55-k9,baseline,1231.7931044692257,434,312100
A-n55-k9,nn,1125.3902601600248,430,61540
A-n55-k9,sa,1310.8287631171524,3150,144292
A-n55-k9,lns,1188.620133153868,738,136612
A-n55-k9,nn_sa,1104.1839186750794,2902,112420
A-n55-k9,nn_lns,1160.4494428518683,614,40804
A-n55-k9,sa_lns,1121.1476867733527,3402,315940
A-n55-k9,all,1125.9741223163703,3327,336868
A-n60-k9,baseline,1552.1002114643738,574,78052
A-n60-k9,nn,1603.0456990389375,459,56164
A-n60-k9,sa,1536.409283120586,4616,326500
A-n60-k9,lns,1500.1511205651022,887,39076
A-n60-k9,nn_sa,1578.2792816517276,5353,130852
A-n60-k9,nn_lns,1419.161314960767,1194,256036
A-n60-k9,sa_lns,1446.6581898674826,4776,211876
A-n60-k9,all,1427.0887488863684,4862,63076
A-n61-k9,baseline,1183.8641742216146,536,103588
A-n61-k9,nn,1114.3581371558314,706,68452
A-n61-k9,sa,1202.5449615131356,5378,335908
A-n61-k9,lns,1127.5043704471684,912,108580
A-n61-k9,nn_sa,1116.5259028957748,5128,157924
A-n61-k9,nn_lns,1095.6775071861932,1071,347044
A-n61-k9,sa_lns,1153.9619510723282,5153,65572
A-n61-k9,all,1048.0604546952243,5048,66340
A-n62-k8,baseline,1547.7725441489238,652,340516
A-n62-k8,nn,1438.5033645720166,590,189220
A-n62-k8,sa,1592.6097564944112,6354,342244
A-n62-k8,lns,1463.5854415493677,960,313060
A-n62-k8,nn_sa,1524.9569955150002,6426,49828
A-n62-k8,nn_lns,1424.458833152097,1045,15652
A-n62-k8,sa_lns,1392.9459169854645,7546,278692
A-n62-k8,all,1447.9060560872995,8865,334564
A-n63-k10,baseline,1629.3685719372727,761,172324
A-n63-k10,nn,1429.4369118628138,731,307684
A-n63-k10,sa,1478.5861638339552,4515,156004
A-n63-k10,lns,1374.3678636817863,904,195748
A-n63-k10,nn_sa,1458.6549576044808,5078,348196
A-n63-k10,nn_lns,1339.210908403444,1097,299044
A-n63-k10,sa_lns,1388.8432791306413,5893,73636
A-n63-k10,all,1374.390351670913,5500,192676
A-n63-k9,baseline,1849.7551674216402,583,323812
A-n63-k9,nn,1803.0147284826246,574,167908
A-n63-k9,sa,2029.116751445142,5256,344548
A-n63-k9,lns,1755.8114171875502,898,85348
A-n63-k9,nn_sa,1793.2855996401781,5405,223588
A-n63-k9,nn_lns,1744.0501938638354,872,203428
A-n63-k9,sa_lns,1716.7045510792823,5834,132964
A-n63-k9,all,1845.2175363303286,5836,344548
A-n64-k9,baseline,1707.6628081030872,729,202084
A-n64-k9,nn,1584.4886318753545,704,109540
A-n64-k9,sa,1625.7975924774169,6302,336100
A-n64-k9,lns,1582.1558178899354,992,110500
A-n64-k9,nn_sa,1609.1113170127524,5933,57316
A-n64-k9,nn_lns,1454.3297699693296,1001,132772
A-n64-k9,sa_lns,1496.8468329989355,7296,220708
A-n64-k9,all,1481.7818534302662,7417,81124
A-n65-k9,baseline,1490.6204343260251,597,312868
A-n65-k9,nn,1327.146642901581,574,35620
A-n65-k9,sa,1493.7750727782002,4945,84772
A-n65-k9,lns,1301.9411735181852,908,48868
A-n65-k9,nn_sa,1344.3196803850465,4775,151012
A-n65-k9,nn_lns,1306.4974566358776,859,25060
A-n65-k9,sa_lns,1317.3731642908172,5505,74788
A-n65-k9,all,1363.6663474354789,6199,96676
A-n69-k9,baseline,1378.8616709008766,632,306916
A-n69-k9,nn,1400.4402829853216,654,189028
A-n69-k9,sa,1352.2389949363858,7129,152164
A-n69-k9,lns,1246.5801413691502,1039,22756
A-n69-k9,nn_sa,1275.4755985664067,8060,343012
A-n69-k9,nn_lns,1272.0097404274761,998,151204
A-n69-k9,sa_lns,1236.3771604166539,7816,347812
A-n69-k9,all,1245.2927951748256,8119,33124
A-n80-k10,baseline,2023.7649643816926,729,246628
A-n80-k10,nn,1894.0490173472035,875,324964
A-n80-k10,sa,2016.5989909197017,9599,312292
A-n80-k10,lns,1953.344798210721,1292,78244
A-n80-k10,nn_sa,1935.1896123539586,9124,344548
A-n80-k10,nn_lns,1910.319272189193,1254,188644
A-n80-k10,sa_lns,2036.3445343512387,9936,115108
A-n80-k10,all,1949.194786770322,11251,241636
B-n31-k5,baseline,676.0884122584414,425,239332
B-n31-k5,nn,691.292632957199,410,71140
B-n31-k5,sa,722.3197533068051,2779,17380
B-n31-k5,lns,686.9858879769447,861,4324
B-n31-k5,nn_sa,705.0284048717319,2416,57316
B-n31-k5,nn_lns,678.7061896423844,772,31972
B-n31-k5,sa_lns,690.1043181253383,2461,11620
B-n31-k5,all,687.4845822643982,2472,222052
B-n34-k5,baseline,899.6019630646305,495,58660
B-n34-k5,nn,815.4320979829359,496,31012
B-n34-k5,sa,855.8041402842678,3795,223588
B-n34-k5,lns,793.9343193096976,913,286180
B-n34-k5,nn_sa,814.7199054684017,2860,19492
B-n34-k5,nn_lns,790.0603505793069,752,205156
B-n34-k5,sa_lns,796.6585009201053,3465,28324
B-n34-k5,all,790.0603505793069,3192,186724
B-n35-k5,baseline,1149.46989813265,446,76324
B-n35-k5,nn,993.7537638088096,448,154852
B-n35-k5,sa,1002.0191551055603,3379,300388
B-n35-k5,lns,980.7330140567738,995,219748
B-n35-k5,nn_sa,989.5479698728691,3319,83620
B-n35-k5,nn_lns,971.1785923870907,1122,55012
B-n35-k5,sa_lns,981.9458997381745,4468,303652
B-n35-k5,all,970.6186114624442,4749,2212
B-n38-k6,baseline,854.5714903365873,667,16420
B-n38-k6,nn,848.3278020359709,672,60964
B-n38-k6,sa,808.9454782923897,3790,75364
B-n38-k6,lns,821.5533318995447,1137,105124
B-n38-k6,nn_sa,826.6411655138262,3316,347428
B-n38-k6,nn_lns,825.2511561380314,1079,44836
B-n38-k6,sa_lns,819.9964161670387,5107,4132
B-n38-k6,all,843.7027275566223,3874,46564
B-n39-k5,baseline,713.6705634217496,547,21796
B-n39-k5,nn,567.5748320814723,537,199972
B-n39-k5,sa,686.2342741238087,4165,41764
B-n39-k5,lns,563.1693058873681,1018,33508
B-n39-k5,nn_sa,601.2796999778162,4803,348580
B-n39-k5,nn_lns,565.2474496620065,937,6052
B-n39-k5,sa_lns,593.3667969320978,5376,47332
B-n39-k5,all,568.8426309500963,5343,344164
B-n41-k6,baseline,851.2207615051321,453,171940
B-n41-k6,nn,941.0862419246982,460,188644
B-n41-k6,sa,955.9984849306321,3349,116260
B-n41-k6,lns,847.4934707578491,769,20452
B-n41-k6,nn_sa,919.1611393960495,3256,326116
B-n41-k6,nn_lns,918.1012660724792,760,25828
B-n41-k6,sa_lns,955.9978377791973,3266,184996
B-n41-k6,all,912.6531049902865,3558,221092
B-n43-k6,baseline,908.918182761609,593,117796
B-n43-k6,nn,782.7825734642711,593,62308
B-n43-k6,sa,805.7170745821261,4161,61156
B-n43-k6,lns,758.3506137703392,779,315172
B-n43-k6,nn_sa,812.391294675921,4642,344932
B-n43-k6,nn_lns,765.2472633310244,801,42724
B-n43-k6,sa_lns,760.6099074980868,4385,139684
B-n43-k6,all,760.5265843309647,5345,56356
B-n44-k7,baseline,1105.2940008499968,958,82084
B-n44-k7,nn,932.5531959670175,1345,22756
B-n44-k7,sa,1068.148584016619,7301,210340
B-n44-k7,lns,974.9633711835634,1797,187492
B-n44-k7,nn_sa,959.13576740565,6813,32740
B-n44-k7,nn_lns,931.7160002488165,1688,21028
B-n44-k7,sa_lns,1015.2576141035798,5223,133924
B-n44-k7,all,931.7160002488165,4770,22372
B-n45-k5,baseline,934.2123518059061,609,80548
B-n45-k5,nn,826.7836063890968,621,14884
B-n45-k5,sa,1035.4310998202366,8055,59236
B-n45-k5,lns,766.4207864578285,1015,64036
B-n45-k5,nn_sa,826.7836063890968,9169,344740
B-n45-k5,nn_lns,803.7332545675915,1348,248548
B-n45-k5,sa_lns,762.9462543768122,8867,346852
B-n45-k5,all,803.1783856127587,8030,99940
B-n45-k6,baseline,842.949164986607,673,44644
B-n45-k6,nn,817.3265852316779,589,209188
B-n45-k6,sa,723.5794848103083,4898,344548
B-n45-k6,lns,725.8563797062748,831,307300
B-n45-k6,nn_sa,793.1862963237447,4852,155620
B-n45-k6,nn_lns,752.4905806790589,1002,331684
B-n45-k6,sa_lns,725.9974447476397,6445,45988
B-n45-k6,all,717.5685586632151,6048,236836
B-n50-k7,baseline,856.5546137854856,672,67300
B-n50-k7,nn,823.7193492305632,713,217828
B-n50-k7,sa,873.5133153519494,5629,340516
B-n50-k7,lns,754.1087008196085,1289,53860
B-n50-k7,nn_sa,893.073798552452,7995,10468
B-n50-k7,nn_lns,755.1455498898904,1110,21028
B-n50-k7,sa_lns,754.494000085918,6999,8356
B-n50-k7,all,744.2280442400831,7163,160996
B-n50-k8,baseline,1486.3920344927835,590,281380
B-n50-k8,nn,1335.5126887770566,711,72868
B-n50-k8,sa,1417.9989567711925,5512,95716
B-n50-k8,lns,1324.971430960547,1643,320356
B-n50-k8,nn_sa,1353.255922451055,6624,86116
B-n50-k8,nn_lns,1319.6026179555056,1180,238948
B-n50-k8,sa_lns,1352.0399792335104,5992,19300
B-n50-k8,all,1330.3316306511474,4947,146980
B-n51-k7,baseline,1405.7002384836726,633,49060
B-n51-k7,nn,1162.6321103765163,635,121252
B-n51-k7,sa,1236.9071278794634,5431,347620
B-n51-k7,lns,1020.7216250976534,1193,178660
B-n51-k7,nn_sa,1181.695915802827,5403,141220
B-n51-k7,nn_lns,1160.5894084741312,855,1252
B-n51-k7,sa_lns,1024.2859469670166,6044,9700
B-n51-k7,all,1160.589408474131,6341,116068
B-n52-k7,baseline,877.8546811370364,683,97060
B-n52-k7,nn,939.8194920883374,595,32548
B-n52-k7,sa,973.3505635628957,6572,71908
B-n52-k7,lns,837.5892071982131,1279,219364
B-n52-k7,nn_sa,911.9715060366161,6422,79972
B-n52-k7,nn_lns,771.9451134171235,1123,208036
B-n52-k7,sa_lns,761.3758854065419,6539,275428
B-n52-k7,all,752.4827791014302,8283,312484
B-n56-k7,baseline,800.4174947189401,1025,91492
B-n56-k7,nn,759.5032152152844,1315,86116
B-n56-k7,sa,960.6213845131115,9542,121444
B-n56-k7,lns,754.5555735424535,2029,50788
B-n56-k7,nn_sa,731.5252532178497,10466,99940
B-n56-k7,nn_lns,727.2042401010482,1678,38884
B-n56-k7,sa_lns,737.0376670480097,10212,54052
B-n56-k7,all,762.0947501353238,9185,68644
B-n57-k7,baseline,1318.7926456152502,834,76132
B-n57-k7,nn,1214.3990020881695,894,123172
B-n57-k7,sa,1462.0446963742688,6895,119140
B-n57-k7,lns,1176.9902651889045,1223,299236
B-n57-k7,nn_sa,1319.5891599707695,6763,248164
B-n57-k7,nn_lns,1147.6848719270738,1397,311524
B-n57-k7,sa_lns,1147.47738363041,9339,175972
B-n57-k7,all,1147.6357942900786,7906,228196
B-n57-k9,baseline,1842.9312010162303,731,203044
B-n57-k9,nn,1657.5868035095705,770,84772
B-n57-k9,sa,1799.518054594211,6187,217060
B-n57-k9,lns,1648.0957192945707,1167,295396
B-n57-k9,nn_sa,1660.485268619892,7376,344740
B-n57-k9,nn_lns,1636.5635941940786,1507,258916
B-n57-k9,sa_lns,1654.6743671630284,6584,156772
B-n57-k9,all,1658.6158707766995,6971,46948
B-n63-k10,baseline,1872.3531605906733,767,196324
B-n63-k10,nn,1560.040614143471,826,49252
B-n63-k10,sa,1743.3234615223198,6571,156004
B-n63-k10,lns,1584.9957202976693,1305,45412
B-n63-k10,nn_sa,1564.7242715526104,7406,38116
B-n63-k10,nn_lns,1560.0406141434707,1180,16612
B-n63-k10,sa_lns,1584.823087320799,7169,135460
B-n63-k10,all,1560.0406141434707,7150,9124
B-n64-k9,baseline,1052.0529919630171,711,222436
B-n64-k9,nn,1031.0038073283051,752,77092
B-n64-k9,sa,981.2457804459823,7145,349732
B-n64-k9,lns,956.4195502391954,1173,74596
B-n64-k9,nn_sa,1031.3267982030802,8635,186148
B-n64-k9,nn_lns,997.8583013137752,1154,240484
B-n64-k9,sa_lns,901.4531363301278,7520,11620
B-n64-k9,all,995.1305148593431,8216,343204
B-n66-k9,baseline,1425.711490430664,756,254308
B-n66-k9,nn,1407.8627182982125,745,89572
B-n66-k9,sa,1567.2842963102548,7949,88036
B-n66-k9,lns,1483.7313568128116,1106,258532
B-n66-k9,nn_sa,1402.1545017057392,8258,349348
B-n66-k9,nn_lns,1398.5689846293435,1242,219172
B-n66-k9,sa_lns,1485.1077614448,8655,332452
B-n66-k9,all,1372.2819766999628,8671,263140
B-n67-k10,baseline,1358.6029540399495,869,294244
B-n67-k10,nn,1188.9933213471272,893,100516
B-n67-k10,sa,1196.0705983857724,7206,323620
B-n67-k10,lns,1088.9146591350825,1470,102244
B-n67-k10,nn_sa,1126.5021335335646,7617,215716
B-n67-k10,nn_lns,1134.9051705565191,1481,8548
B-n67-k10,sa_lns,1149.0279368115876,9308,98404
B-n67-k10,all,1132.799702311532,8495,121252
B-n68-k9,baseline,1537.0352438548198,799,339364
B-n68-k9,nn,1316.5205857882645,803,297124
B-n68-k9,sa,1421.6017374053813,8658,150244
B-n68-k9,lns,1385.6146715790287,1381,226660
B-n68-k9,nn_sa,1300.3504598591471,9630,113380
B-n68-k9,nn_lns,1299.3800428993516,1452,71140
B-n68-k9,sa_lns,1470.484815670513,10668,240100
B-n68-k9,all,1316.136099941023,10386,32356
B-n78-k10,baseline,1472.8803808132802,891,289252
B-n78-k10,nn,1329.926175355468,947,133924
B-n78-k10,sa,1464.4447558933393,10898,349924
B-n78-k10,lns,1374.2481530646032,1586,134308
B-n78-k10,nn_sa,1375.065456591839,14137,284068
B-n78-k10,nn_lns,1323.3936378928586,1480,142372
B-n78-k10,sa_lns,1384.8829414468585,12280,69796
B-n78-k10,all,1323.6923318602028,13529,39268
E-n101-k14,baseline,1233.1448472854447,1194,305380
E-n101-k14,nn,1229.0766877886927,1163,349156
E-n101-k14,sa,1270.8401336050358,13031,344356
E-n101-k14,lns,1186.6200431420993,1685,265828
E-n101-k14,nn_sa,1256.4374489045863,13355,250852
E-n101-k14,nn_lns,1205.2569557342174,1674,305380
E-n101-k14,sa_lns,1161.388552267508,14777,138340
E-n101-k14,all,1207.5127168875892,14170,336484
E-n101-k8,baseline,973.2201325538744,1009,340516
E-n101-k8,nn,908.2839063802426,1150,299812
E-n101-k8,sa,950.9474712621904,31920,335908
E-n101-k8,lns,864.9703675449671,2365,258340
E-n101-k8,nn_sa,879.6630652969232,32981,349348
E-n101-k8,nn_lns,872.8544333624255,1998,33316
E-n101-k8,sa_lns,881.0342046949328,34747,299236
E-n101-k8,all,862.7622487846843,35728,151780
E-n22-k4,baseline,375.2797871480125,433,224164
E-n22-k4,nn,384.05605815089905,490,1828
E-n22-k4,sa,383.5168302536042,1707,108196
E-n22-k4,lns,387.27454069247545,791,150820
E-n22-k4,nn_sa,384.05605815089905,1441,5668
E-n22-k4,nn_lns,384.05605815089905,746,2020
E-n22-k4,sa_lns,384.05605815089905,1699,7012
E-n22-k4,all,384.05605815089905,1978,868
E-n23-k3,baseline,568.5625010705219,568,8164
E-n23-k3,nn,632.5562622472787,609,18724
E-n23-k3,sa,577.4399832207315,6126,8548
E-n23-k3,lns,568.5625010705219,914,2404
E-n23-k3,nn_sa,632.5562622472787,4571,16228
E-n23-k3,nn_lns,568.5625010705219,909,4132
E-n23-k3,sa_lns,568.5625010705219,5857,2596
E-n23-k3,all,568.5625010705219,5383,6244
E-n30-k3,baseline,576.1504872424274,535,27172
E-n30-k3,nn,538.7946864904361,566,171748
E-n30-k3,sa,651.1706325620627,5432,12388
E-n30-k3,lns,505.01107914553756,1207,2020
E-n30-k3,nn_sa,545.750254118479,6633,7588
E-n30-k3,nn_lns,538.7946864904361,1021,21412
E-n30-k3,sa_lns,505.01107914553756,8252,2212
E-n30-k3,all,538.7946864904361,7602,12388
E-n33-k4,baseline,925.8817052839263,567,332836
E-n33-k4,nn,886.4186863718942,608,148708
E-n33-k4,sa,899.9816856809489,6463,56932
E-n33-k4,lns,847.3678766938128,923,15268
E-n33-k4,nn_sa,893.6444038830806,5632,9892
E-n33-k4,nn_lns,859.6115248752276,1169,5284
E-n33-k4,sa_lns,880.6570740053271,6807,114148
E-n33-k4,all,856.1280570145963,6659,2404
E-n51-k5,baseline,639.8765288869549,597,95524
E-n51-k5,nn,584.9259279610466,670,195748
E-n51-k5,sa,606.2794216685995,11465,349540
E-n51-k5,lns,609.5791720271432,1291,134692
E-n51-k5,nn_sa,583.020741586452,10669,11428
E-n51-k5,nn_lns,553.3176371841212,1156,70948
E-n51-k5,sa_lns,562.9413413777789,12368,7588
E-n51-k5,all,553.3176371841212,11946,319012
E-n76-k10,baseline,950.3433965653976,965,225124
E-n76-k10,nn,952.5963519769491,911,112036
E-n76-k10,sa,975.210793339729,8565,275620
E-n76-k10,lns,891.8549102785753,1443,81316
E-n76-k10,nn_sa,966.1429339676205,9763,319204
E-n76-k10,nn_lns,967.2144301354804,1192,137188
E-n76-k10,sa_lns,942.6565277038474,10522,269284
E-n76-k10,all,953.2742081856742,9703,203044
E-n76-k14,baseline,1139.1867909713133,886,178276
E-n76-k14,nn,1193.4183846884189,878,28516
E-n76-k14,sa,1123.041345385562,4867,227044
E-n76-k14,lns,1094.855870349314,1299,197476
E-n76-k14,nn_sa,1190.8034302561573,5613,185572
E-n76-k14,nn_lns,1182.9299674301305,1101,75364
E-n76-k14,sa_lns,1196.7988171109605,5167,166180
E-n76-k14,all,1134.8983808667483,5473,332644
E-n76-k7,baseline,824.1624560158336,894,316324
E-n76-k7,nn,774.5073533042063,874,122404
E-n76-k7,sa,847.7554081626579,19609,240868
E-n76-k7,lns,760.2805812744518,1404,183268
E-n76-k7,nn_sa,766.0497004794289,18565,345508
E-n76-k7,nn_lns,763.9571306020129,1565,189988
E-n76-k7,sa_lns,731.3332749496142,18846,271012
E-n76-k7,all,782.2979708831778,20940,10468
E-n76-k8,baseline,811.2292052094043,857,334372
E-n76-k8,nn,858.4173476694252,872,88420
E-n76-k8,sa,825.5011000508694,14378,348196
E-n76-k8,lns,801.9409052172853,1381,20260
E-n76-k8,nn_sa,844.8697758443959,14962,346852
E-n76-k8,nn_lns,794.0736935671366,1748,336100
E-n76-k8,sa_lns,815.9824876502314,17267,245860
E-n76-k8,all,825.7591918056225,16397,69604
P-n101-k4,baseline,827.9232142923183,838,346276
P-n101-k4,nn,808.7190970004671,1025,338212
P-n101-k4,sa,802.5191865574188,94149,347236
P-n101-k4,lns,770.0615845018684,2301,213604
P-n101-k4,nn_sa,767.6749716187586,93753,349156
P-n101-k4,nn_lns,755.6288767633805,2339,65380
P-n101-k4,sa_lns,778.6846862048129,92606,318052
P-n101-k4,all,807.9421469500246,91812,18148
P-n16-k8,baseline,451.9470921298185,486,1636
P-n16-k8,nn,451.94709212981854,442,21220
P-n16-k8,sa,451.33508020861797,499,83236
P-n16-k8,lns,451.335080208618,479,676
P-n16-k8,nn_sa,451.94709212981854,481,11428
P-n16-k8,nn_lns,451.33508020861797,517,33508
P-n16-k8,sa_lns,451.335080208618,518,676
P-n16-k8,all,451.33508020861797,616,167716
P-n19-k2,baseline,221.88116810690303,582,126436
P-n19-k2,nn,224.8304906950786,520,1252
P-n19-k2,sa,225.24077447932478,3895,331300
P-n19-k2,lns,212.6569041858923,1120,16420
P-n19-k2,nn_sa,219.75413715136335,4636,164068
P-n19-k2,nn_lns,219.75413715136335,1030,676
P-n19-k2,sa_lns,212.6569041858923,3805,85156
P-n19-k2,all,219.75413715136335,3607,5668
P-n20-k2,baseline,238.83732490653975,419,4708
P-n20-k2,nn,227.06299820912574,434,3556
P-n20-k2,sa,233.57637559572646,3697,13156
P-n20-k2,lns,230.6262906005708,831,118372
P-n20-k2,nn_sa,219.9382488737121,3638,327268
P-n20-k2,nn_lns,225.73695158134973,806,334564
P-n20-k2,sa_lns,220.03979504064705,4251,344932
P-n20-k2,all,218.30889390027937,4368,1444
P-n21-k2,baseline,212.71153970290385,472,125092
P-n21-k2,nn,212.71153970290385,483,220516
P-n21-k2,sa,227.5916122742348,4427,346660
P-n21-k2,lns,223.742894882718,903,38692
P-n21-k2,nn_sa,212.71153970290385,4480,19492
P-n21-k2,nn_lns,212.71153970290385,912,484
P-n21-k2,sa_lns,212.71153970290385,5055,98980
P-n21-k2,all,212.71153970290385,4712,1828
P-n22-k2,baseline,244.16578181032367,487,8548
P-n22-k2,nn,219.93465254238077,493,250660
P-n22-k2,sa,233.77480733826235,5119,340516
P-n22-k2,lns,222.33245736353766,937,81508
P-n22-k2,nn_sa,217.85215074022966,4814,86116
P-n22-k2,nn_lns,217.85215074022966,975,6820
P-n22-k2,sa_lns,217.85215074022966,5261,3364
P-n22-k2,all,217.85215074022966,5662,2596
P-n22-k8,baseline,588.7935242586069,516,5284
P-n22-k8,nn,622.1624594796987,482,2596
P-n22-k8,sa,588.7935242586069,555,9316
P-n22-k8,lns,640.4225241797925,595,868
P-n22-k8,nn_sa,622.1624594796987,582,2212
P-n22-k8,nn_lns,600.8255367310456,598,265444
P-n22-k8,sa_lns,588.7935242586069,708,3364
P-n22-k8,all,600.8255367310456,568,268324
P-n23-k8,baseline,531.1738035458811,452,70948
P-n23-k8,nn,531.1738035458811,411,59620
P-n23-k8,sa,541.790883507171,506,7588
P-n23-k8,lns,531.1738035458812,583,149860
P-n23-k8,nn_sa,531.1738035458811,549,282148
P-n23-k8,nn_lns,533.8331879895072,659,1252
P-n23-k8,sa_lns,541.7908835071709,738,7972
P-n23-k8,all,533.8331879895072,695,1636
P-n40-k5,baseline,474.83951009765485,715,74596
P-n40-k5,nn,493.42249535811766,683,144868
P-n40-k5,sa,507.9239749723939,6025,50980
P-n40-k5,lns,461.72617176318863,1371,124900
P-n40-k5,nn_sa,512.889548056002,6441,197476
P-n40-k5,nn_lns,482.43351916147515,1308,18724
P-n40-k5,sa_lns,461.72617176318863,6145,10468
P-n40-k5,all,468.53018788282475,6882,74212
P-n45-k5,baseline,533.8037986271909,657,40612
P-n45-k5,nn,567.0758366693497,659,105124
P-n45-k5,sa,646.9620182815493,8534,36580
P-n45-k5,lns,523.0776601088578,1308,153700
P-n45-k5,nn_sa,563.0293279341777,7646,137956
P-n45-k5,nn_lns,523.0999613570184,1313,34468
P-n45-k5,sa_lns,526.6263227132085,8345,143524
P-n45-k5,all,528.067939892842,9040,135268
P-n50-k10,baseline,745.85578094335,699,251236
P-n50-k10,nn,756.7328865350756,758,29860
P-n50-k10,sa,739.7602437211037,2973,49828
P-n50-k10,lns,725.7525817638457,961,326884
P-n50-k10,nn_sa,795.4960661470236,2991,15076
P-n50-k10,nn_lns,783.8829854207024,918,26980
P-n50-k10,sa_lns,798.3248281481406,3057,242404
P-n50-k10,all,778.7991428637508,3068,27172
P-n50-k7,baseline,640.5986179916347,721,138340
P-n50-k7,nn,600.466113008405,804,223396
P-n50-k7,sa,613.8224990479072,6325,339172
P-n50-k7,lns,590.5845909600235,1069,105892
P-n50-k7,nn_sa,616.9478666457653,5854,338404
P-n50-k7,nn_lns,576.8125204318287,1316,104932
P-n50-k7,sa_lns,588.1195581591328,6595,51364
P-n50-k7,all,579.7804745620209,6582,232228
P-n50-k8,baseline,656.7605162668032,681,80740
P-n50-k8,nn,649.6583958786141,751,28516
P-n50-k8,sa,690.994200768485,4355,210916
P-n50-k8,lns,674.1786878954945,1167,26212
P-n50-k8,nn_sa,654.8210081375088,3800,344356
P-n50-k8,nn_lns,642.386335496259,1221,301540
P-n50-k8,sa_lns,691.0273984538135,4548,69796
P-n50-k8,all,642.980430341501,4009,247588
P-n51-k10,baseline,789.39613850424,681,40996
P-n51-k10,nn,856.1121012546805,682,64804
P-n51-k10,sa,834.8712892575488,3107,346468
P-n51-k10,lns,901.4754446722654,957,22948
P-n51-k10,nn_sa,881.7551161455697,2978,20836
P-n51-k10,nn_lns,804.1695034689137,838,79780
P-n51-k10,sa_lns,859.0328331251164,3477,15268
P-n51-k10,all,813.8160977086952,3137,306532
P-n55-k10,baseline,765.2707090147944,674,276196
P-n55-k10,nn,722.323921322525,683,316516
P-n55-k10,sa,780.2817928283204,3630,134116
P-n55-k10,lns,738.8153557878913,1223,6436
P-n55-k10,nn_sa,727.5335655611842,3541,338020
P-n55-k10,nn_lns,729.134032946426,1127,317092
P-n55-k10,sa_lns,726.4890152794736,4081,13348
P-n55-k10,all,735.081228238468,3932,258532
P-n55-k15,baseline,1002.8015801189355,748,217444
P-n55-k15,nn,975.6843050282006,995,21604
P-n55-k15,sa,978.3385386339776,1574,24484
P-n55-k15,lns,993.7939038124504,940,80740
P-n55-k15,nn_sa,971.778184509484,874,37348
P-n55-k15,nn_lns,966.6951848357617,961,62692
P-n55-k15,sa_lns,993.8284241445059,1618,199396
P-n55-k15,all,976.5657766324946,1473,146212
P-n55-k7,baseline,622.5157663782976,666,58084
P-n55-k7,nn,634.4868477166192,692,67300
P-n55-k7,sa,677.6497416725894,8463,188644
P-n55-k7,lns,599.6599625635655,1467,60580
P-n55-k7,nn_sa,634.4868477166192,8486,341284
P-n55-k7,nn_lns,612.2559337695254,1248,145636
P-n55-k7,sa_lns,583.5252501217733,9177,38884
P-n55-k7,all,590.1357665192137,9336,270244
P-n55-k8,baseline,644.5538938528676,700,321124
P-n55-k8,nn,677.3662488140636,742,130468
P-n55-k8,sa,644.1504956763537,7644,343396
P-n55-k8,lns,591.0112967801305,1309,22756
P-n55-k8,nn_sa,642.2466788427943,8226,349348
P-n55-k8,nn_lns,596.7057928437896,1227,339748
P-n55-k8,sa_lns,617.539066670487,11124,154468
P-n55-k8,all,613.2482359174332,9787,97060
P-n60-k10,baseline,822.5769101691695,841,46372
P-n60-k10,nn,808.4295586989633,951,43108
P-n60-k10,sa,861.785851111417,5571,253540
P-n60-k10,lns,797.4887109902428,1198,137764
P-n60-k10,nn_sa,831.7594954126639,4979,90916
P-n60-k10,nn_lns,823.6552141071494,1142,345508
P-n60-k10,sa_lns,840.8014685490238,5268,101284
P-n60-k10,all,829.014494577879,4596,53476
P-n60-k15,baseline,1031.9465433708679,883,183844
P-n60-k15,nn,1044.762950324854,868,186724
P-n60-k15,sa,1043.711469347534,2270,188836
P-n60-k15,lns,1004.8731248292592,1232,287716
P-n60-k15,nn_sa,1021.3510940984139,2352,207652
P-n60-k15,nn_lns,998.5704730603586,1333,326692
P-n60-k15,sa_lns,1026.0175731955646,2592,335332
P-n60-k15,all,1008.5724566518777,2687,193636
P-n65-k10,baseline,874.9104705337355,773,251620
P-n65-k10,nn,880.3604301656467,813,135652
P-n65-k10,sa,845.1689865891344,6334,178276
P-n65-k10,lns,888.0204658142685,1286,71716
P-n65-k10,nn_sa,871.2746485474619,6615,164644
P-n65-k10,nn_lns,877.7148864463702,1241,151396
P-n65-k10,sa_lns,884.2046471931233,7135,327076
P-n65-k10,all,868.5969868206844,7176,55588
P-n70-k10,baseline,985.4592636916958,794,139492
P-n70-k10,nn,976.7409149403966,829,162340
P-n70-k10,sa,903.4651670781086,8351,186724
P-n70-k10,lns,890.0379800269397,1151,41380
P-n70-k10,nn_sa,966.846319796204,7991,31204
P-n70-k10,nn_lns,898.7642318422375,1064,280420
P-n70-k10,sa_lns,878.8406117339846,7606,66148
P-n70-k10,all,960.0240579255601,7705,154660
P-n76-k4,baseline,781.6705300292097,777,198244
P-n76-k4,nn,734.1622675347269,762,31972
P-n76-k4,sa,730.356668469218,41648,304228
P-n76-k4,lns,702.8275060850866,1692,314404
P-n76-k4,nn_sa,700.356970376444,44861,343972
P-n76-k4,nn_lns,649.8789847912708,1691,8548
P-n76-k4,sa_lns,694.2633453994546,43235,32740
P-n76-k4,all,691.4765940669919,48204,61348
P-n76-k5,baseline,753.7216882091499,957,341668
P-n76-k5,nn,756.246302643938,837,140836
P-n76-k5,sa,761.5678218671001,32852,344740
P-n76-k5,lns,710.2121352519083,1688,19684
P-n76-k5,nn_sa,739.1863978678912,31094,342052
P-n76-k5,nn_lns,722.31436585688,1520,155044
P-n76-k5,sa_lns,766.8329639698361,32909,26788
P-n76-k5,all,705.3173352003437,30468,311908
